Company,Position,CTR,Revenue,Impressions,Cost,SEM
Company A,2.83270686785,0.0730255624765,269.369929388,117.375906138,1.78813778661,3657.66255296
Company B,2.83572021308,0.0723951334422,268.619808068,121.853334047,1.75933399363,3819.44190467
Company C,2.8283684508,0.0726141519335,278.996524851,123.163773849,1.82732461452,3862.09836601
Company D,2.82707171905,0.0725613018771,264.342263338,118.802994802,1.81208478091,3555.14543802
Company E,2.82617985631,0.0727415346812,262.439097513,117.645468871,1.75577441842,3615.07473145
GetYourGuide,2.50746533091,0.078466606536,300.610423277,122.47813552,2.0307370303,3567.21036627
